,cyclist_count,location,pedestrian_count,sign_count,time_of_day,unknown_count,vehicle_count,weather
0,0.0,location_sf,44.0,39.0,Day,0.0,60.0,sunny
1,1.0,location_sf,40.0,33.0,Day,0.0,23.0,sunny
2,8.0,location_sf,27.0,21.0,Day,0.0,50.0,sunny
3,0.0,location_sf,4.0,14.0,Day,0.0,11.0,sunny
4,0.0,location_sf,0.0,2.0,Day,0.0,17.0,sunny
5,0.0,location_sf,5.0,16.0,Day,0.0,33.0,sunny
6,0.0,location_sf,52.0,18.0,Day,0.0,53.0,sunny
7,0.0,location_phx,0.0,30.0,Dawn/Dusk,0.0,23.0,sunny
8,1.0,location_phx,1.0,10.0,Day,0.0,3.0,sunny
9,2.0,location_other,5.0,16.0,Day,0.0,29.0,sunny
10,0.0,location_sf,0.0,21.0,Dawn/Dusk,0.0,37.0,sunny
11,0.0,location_phx,3.0,10.0,Day,0.0,0.0,sunny
12,0.0,location_sf,2.0,23.0,Day,0.0,18.0,sunny
13,0.0,location_phx,0.0,0.0,Day,0.0,4.0,sunny
14,1.0,location_phx,6.0,30.0,Day,0.0,13.0,sunny
15,1.0,location_phx,3.0,0.0,Day,0.0,14.0,sunny
16,0.0,location_phx,2.0,16.0,Day,0.0,23.0,sunny
17,0.0,location_sf,92.0,7.0,Day,0.0,33.0,sunny
18,1.0,location_sf,56.0,26.0,Day,0.0,20.0,sunny
19,0.0,location_sf,0.0,2.0,Dawn/Dusk,0.0,5.0,sunny
20,9.0,location_sf,62.0,29.0,Day,0.0,29.0,sunny
21,0.0,location_sf,2.0,18.0,Day,0.0,43.0,sunny
22,1.0,location_phx,5.0,4.0,Day,0.0,2.0,sunny
23,0.0,location_other,0.0,24.0,Night,0.0,15.0,sunny
24,0.0,location_other,0.0,23.0,Night,0.0,14.0,sunny
25,0.0,location_other,2.0,29.0,Day,0.0,51.0,sunny
26,0.0,location_sf,22.0,14.0,Day,0.0,9.0,sunny
27,0.0,location_other,4.0,27.0,Day,0.0,64.0,sunny
28,1.0,location_sf,9.0,23.0,Dawn/Dusk,0.0,22.0,sunny
29,0.0,location_sf,1.0,18.0,Day,0.0,13.0,sunny
30,0.0,location_phx,0.0,17.0,Day,0.0,4.0,sunny
31,0.0,location_sf,24.0,14.0,Day,0.0,39.0,sunny
32,0.0,location_other,25.0,31.0,Day,0.0,51.0,sunny
33,0.0,location_sf,1.0,11.0,Dawn/Dusk,0.0,35.0,sunny
34,0.0,location_phx,2.0,3.0,Day,0.0,35.0,sunny
35,1.0,location_phx,0.0,0.0,Day,0.0,19.0,sunny
36,0.0,location_phx,5.0,12.0,Dawn/Dusk,0.0,20.0,sunny
37,0.0,location_sf,2.0,6.0,Dawn/Dusk,0.0,12.0,sunny
38,1.0,location_sf,0.0,2.0,Day,0.0,0.0,sunny
39,0.0,location_phx,0.0,8.0,Day,0.0,3.0,sunny
40,0.0,location_phx,0.0,2.0,Day,0.0,11.0,sunny
41,0.0,location_sf,6.0,21.0,Day,0.0,73.0,sunny
42,0.0,location_sf,2.0,21.0,Dawn/Dusk,0.0,15.0,sunny
43,0.0,location_sf,1.0,32.0,Day,0.0,30.0,sunny
44,0.0,location_sf,41.0,19.0,Day,0.0,44.0,sunny
45,0.0,location_phx,0.0,1.0,Night,0.0,2.0,sunny
46,0.0,location_sf,2.0,7.0,Day,0.0,15.0,sunny
47,0.0,location_other,4.0,19.0,Day,0.0,15.0,sunny
48,1.0,location_other,2.0,9.0,Day,0.0,18.0,sunny
49,0.0,location_phx,0.0,1.0,Day,0.0,4.0,sunny
50,0.0,location_phx,0.0,2.0,Dawn/Dusk,0.0,13.0,sunny
51,1.0,location_other,2.0,7.0,Day,0.0,15.0,sunny
52,0.0,location_sf,5.0,18.0,Day,0.0,47.0,sunny
53,3.0,location_sf,58.0,22.0,Day,0.0,31.0,sunny
54,0.0,location_phx,3.0,0.0,Day,0.0,17.0,sunny
55,0.0,location_phx,0.0,0.0,Night,0.0,3.0,sunny
56,4.0,location_sf,63.0,18.0,Day,0.0,24.0,sunny
57,0.0,location_sf,0.0,2.0,Dawn/Dusk,0.0,5.0,sunny
58,0.0,location_phx,3.0,49.0,Day,0.0,41.0,sunny
59,0.0,location_phx,0.0,7.0,Dawn/Dusk,0.0,67.0,rain
60,0.0,location_phx,0.0,4.0,Day,0.0,1.0,sunny
61,0.0,location_sf,5.0,18.0,Night,0.0,24.0,sunny
62,0.0,location_phx,0.0,22.0,Night,0.0,22.0,sunny
63,0.0,location_phx,3.0,13.0,Day,0.0,32.0,sunny
64,0.0,location_sf,21.0,32.0,Day,0.0,53.0,sunny
65,0.0,location_phx,1.0,4.0,Dawn/Dusk,0.0,5.0,sunny
66,1.0,location_sf,65.0,29.0,Day,0.0,45.0,sunny
67,0.0,location_sf,21.0,18.0,Day,0.0,68.0,sunny
68,0.0,location_phx,0.0,4.0,Day,0.0,8.0,sunny
69,0.0,location_sf,0.0,2.0,Dawn/Dusk,0.0,3.0,sunny
70,0.0,location_sf,47.0,25.0,Day,0.0,50.0,sunny
71,0.0,location_sf,73.0,10.0,Day,0.0,38.0,sunny
72,9.0,location_sf,43.0,20.0,Day,0.0,48.0,sunny
73,1.0,location_phx,0.0,1.0,Day,0.0,14.0,sunny
74,1.0,location_phx,6.0,30.0,Day,0.0,13.0,sunny
75,0.0,location_sf,10.0,35.0,Day,0.0,67.0,sunny
76,0.0,location_sf,2.0,13.0,Day,0.0,30.0,sunny
77,0.0,location_phx,9.0,39.0,Day,0.0,18.0,sunny
78,1.0,location_sf,13.0,23.0,Day,0.0,94.0,sunny
79,0.0,location_phx,1.0,43.0,Day,0.0,20.0,sunny
80,0.0,location_sf,2.0,19.0,Day,0.0,67.0,sunny
81,0.0,location_sf,0.0,0.0,Day,0.0,21.0,sunny
82,0.0,location_other,2.0,0.0,Day,0.0,24.0,sunny
83,0.0,location_other,4.0,27.0,Day,0.0,65.0,sunny
84,0.0,location_phx,4.0,1.0,Dawn/Dusk,0.0,32.0,sunny
85,1.0,location_sf,52.0,18.0,Day,0.0,39.0,sunny
86,0.0,location_sf,2.0,7.0,Day,0.0,26.0,sunny
87,0.0,location_sf,8.0,9.0,Day,0.0,11.0,sunny
88,0.0,location_phx,1.0,16.0,Day,0.0,13.0,sunny
89,0.0,location_phx,0.0,0.0,Day,0.0,20.0,sunny
90,0.0,location_other,0.0,12.0,Day,0.0,4.0,sunny
91,1.0,location_phx,6.0,30.0,Day,0.0,14.0,sunny
92,1.0,location_sf,42.0,13.0,Day,0.0,34.0,sunny
93,0.0,location_phx,3.0,17.0,Dawn/Dusk,0.0,2.0,sunny
94,0.0,location_phx,1.0,1.0,Day,0.0,18.0,sunny
95,1.0,location_sf,99.0,39.0,Dawn/Dusk,0.0,11.0,sunny
96,0.0,location_phx,0.0,8.0,Day,0.0,8.0,sunny
97,0.0,location_sf,37.0,18.0,Day,0.0,44.0,sunny
98,0.0,location_sf,2.0,16.0,Day,0.0,37.0,sunny
99,0.0,location_sf,13.0,10.0,Day,0.0,5.0,sunny
100,0.0,location_sf,1.0,22.0,Dawn/Dusk,0.0,33.0,sunny
101,1.0,location_other,5.0,9.0,Day,0.0,16.0,sunny
102,0.0,location_phx,2.0,10.0,Day,0.0,65.0,sunny
103,2.0,location_phx,0.0,11.0,Dawn/Dusk,0.0,48.0,sunny
104,0.0,location_other,3.0,13.0,Day,0.0,25.0,sunny
105,1.0,location_sf,54.0,18.0,Day,0.0,71.0,sunny
106,1.0,location_sf,0.0,29.0,Day,0.0,22.0,sunny
107,0.0,location_other,0.0,24.0,Day,0.0,2.0,sunny
108,0.0,location_phx,0.0,0.0,Dawn/Dusk,0.0,7.0,sunny
109,0.0,location_sf,85.0,8.0,Day,0.0,38.0,sunny
110,0.0,location_other,0.0,0.0,Night,0.0,29.0,sunny
111,0.0,location_phx,3.0,12.0,Day,0.0,10.0,sunny
112,0.0,location_phx,3.0,4.0,Day,0.0,22.0,sunny
113,0.0,location_sf,6.0,26.0,Night,0.0,25.0,sunny
114,0.0,location_other,2.0,24.0,Day,0.0,20.0,sunny
115,2.0,location_phx,0.0,36.0,Dawn/Dusk,0.0,0.0,sunny
116,0.0,location_phx,2.0,2.0,Day,0.0,17.0,sunny
117,0.0,location_phx,1.0,29.0,Day,0.0,53.0,sunny
118,0.0,location_phx,0.0,19.0,Day,0.0,62.0,sunny
119,0.0,location_other,2.0,0.0,Day,0.0,23.0,sunny
120,2.0,location_other,0.0,5.0,Day,0.0,10.0,sunny
121,0.0,location_phx,1.0,29.0,Day,0.0,21.0,sunny
122,0.0,location_sf,15.0,16.0,Dawn/Dusk,0.0,13.0,sunny
123,0.0,location_sf,2.0,18.0,Day,0.0,22.0,sunny
124,0.0,location_phx,6.0,2.0,Day,0.0,0.0,sunny
125,0.0,location_sf,35.0,15.0,Day,0.0,42.0,sunny
126,0.0,location_phx,3.0,8.0,Day,0.0,50.0,sunny
127,0.0,location_sf,29.0,26.0,Day,0.0,60.0,sunny
128,0.0,location_sf,0.0,10.0,Day,0.0,26.0,sunny
129,0.0,location_sf,64.0,20.0,Day,0.0,44.0,sunny
130,1.0,location_sf,97.0,7.0,Day,0.0,34.0,sunny
131,1.0,location_sf,23.0,23.0,Day,0.0,46.0,sunny
132,4.0,location_sf,52.0,11.0,Day,0.0,13.0,sunny
133,0.0,location_phx,0.0,13.0,Day,0.0,14.0,sunny
134,0.0,location_phx,2.0,23.0,Day,0.0,5.0,sunny
135,1.0,location_sf,62.0,20.0,Day,0.0,154.0,sunny
136,0.0,location_sf,4.0,18.0,Night,0.0,42.0,sunny
137,0.0,location_phx,0.0,13.0,Night,0.0,20.0,sunny
138,0.0,location_sf,39.0,11.0,Day,0.0,32.0,sunny
139,5.0,location_sf,115.0,43.0,Day,0.0,44.0,sunny
140,0.0,location_sf,2.0,17.0,Day,0.0,36.0,sunny
141,2.0,location_other,6.0,17.0,Day,0.0,20.0,sunny
142,0.0,location_sf,1.0,15.0,Day,0.0,26.0,sunny
143,0.0,location_sf,5.0,20.0,Day,0.0,27.0,sunny
144,0.0,location_sf,0.0,13.0,Day,0.0,10.0,sunny
145,0.0,location_phx,4.0,2.0,Day,0.0,12.0,sunny
146,0.0,location_phx,3.0,15.0,Day,0.0,12.0,sunny
147,0.0,location_sf,0.0,13.0,Night,0.0,50.0,sunny
148,0.0,location_phx,1.0,17.0,Dawn/Dusk,0.0,3.0,sunny
149,0.0,location_sf,54.0,22.0,Day,0.0,43.0,sunny
150,0.0,location_phx,0.0,4.0,Day,0.0,8.0,sunny
151,0.0,location_sf,4.0,17.0,Day,0.0,24.0,sunny
152,0.0,location_phx,4.0,108.0,Day,0.0,50.0,sunny
153,0.0,location_sf,67.0,29.0,Day,0.0,40.0,sunny
154,3.0,location_other,2.0,15.0,Day,0.0,16.0,sunny
155,0.0,location_phx,0.0,8.0,Day,0.0,22.0,sunny
156,0.0,location_other,0.0,19.0,Night,0.0,85.0,sunny
157,0.0,location_sf,38.0,20.0,Day,0.0,111.0,sunny
158,0.0,location_sf,0.0,3.0,Day,0.0,12.0,sunny
159,1.0,location_sf,1.0,2.0,Day,0.0,27.0,sunny
160,0.0,location_other,3.0,24.0,Day,0.0,42.0,sunny
161,0.0,location_phx,0.0,16.0,Day,0.0,19.0,sunny
162,0.0,location_other,2.0,7.0,Day,0.0,66.0,sunny
163,0.0,location_phx,0.0,6.0,Day,0.0,23.0,sunny
164,0.0,location_phx,0.0,13.0,Day,0.0,35.0,sunny
165,6.0,location_sf,16.0,19.0,Day,0.0,42.0,sunny
166,0.0,location_other,0.0,2.0,Day,0.0,3.0,sunny
167,0.0,location_other,0.0,13.0,Day,0.0,32.0,sunny
168,0.0,location_phx,4.0,1.0,Dawn/Dusk,0.0,7.0,sunny
169,0.0,location_phx,4.0,33.0,Day,0.0,21.0,sunny
170,0.0,location_sf,57.0,13.0,Day,0.0,48.0,sunny
171,7.0,location_sf,102.0,46.0,Day,0.0,36.0,sunny
172,0.0,location_phx,0.0,5.0,Day,0.0,6.0,sunny
173,2.0,location_other,0.0,3.0,Day,0.0,11.0,sunny
174,0.0,location_sf,0.0,2.0,Day,0.0,13.0,sunny
175,0.0,location_sf,60.0,27.0,Day,0.0,32.0,sunny
176,0.0,location_phx,4.0,0.0,Dawn/Dusk,0.0,20.0,sunny
177,0.0,location_sf,52.0,36.0,Day,0.0,52.0,sunny
178,1.0,location_sf,13.0,34.0,Day,0.0,38.0,sunny
179,0.0,location_phx,2.0,2.0,Day,0.0,8.0,sunny
180,0.0,location_sf,0.0,20.0,Night,0.0,17.0,sunny
181,0.0,location_phx,0.0,12.0,Day,0.0,1.0,sunny
182,0.0,location_phx,0.0,13.0,Day,0.0,18.0,sunny
183,0.0,location_phx,1.0,1.0,Day,0.0,18.0,sunny
184,0.0,location_phx,9.0,21.0,Day,0.0,45.0,sunny
185,0.0,location_other,4.0,45.0,Day,0.0,79.0,sunny
186,0.0,location_sf,0.0,16.0,Day,0.0,26.0,sunny
187,1.0,location_sf,0.0,2.0,Day,0.0,7.0,sunny
188,0.0,location_sf,0.0,24.0,Day,0.0,56.0,sunny
189,0.0,location_other,0.0,12.0,Day,0.0,20.0,sunny
190,0.0,location_other,10.0,39.0,Day,0.0,38.0,sunny
191,0.0,location_phx,1.0,5.0,Day,0.0,14.0,sunny
192,0.0,location_sf,44.0,44.0,Day,0.0,51.0,sunny
193,0.0,location_other,0.0,4.0,Dawn/Dusk,0.0,11.0,sunny
194,0.0,location_sf,6.0,24.0,Day,0.0,45.0,sunny
195,0.0,location_phx,1.0,29.0,Day,0.0,43.0,sunny
196,0.0,location_phx,1.0,6.0,Day,0.0,9.0,sunny
197,0.0,location_phx,2.0,19.0,Day,0.0,35.0,sunny
198,0.0,location_sf,66.0,32.0,Day,0.0,48.0,sunny
199,0.0,location_phx,3.0,13.0,Day,0.0,66.0,sunny
200,1.0,location_sf,8.0,17.0,Day,0.0,38.0,sunny
201,0.0,location_sf,60.0,21.0,Day,0.0,40.0,sunny
202,0.0,location_sf,45.0,43.0,Day,0.0,53.0,sunny
203,0.0,location_phx,1.0,6.0,Night,0.0,4.0,sunny
204,0.0,location_sf,15.0,34.0,Day,0.0,32.0,sunny
205,1.0,location_sf,6.0,20.0,Day,0.0,26.0,sunny
206,0.0,location_phx,0.0,11.0,Day,0.0,13.0,sunny
207,0.0,location_sf,3.0,30.0,Day,0.0,47.0,sunny
208,0.0,location_sf,0.0,11.0,Day,0.0,42.0,sunny
209,0.0,location_phx,3.0,13.0,Day,0.0,61.0,sunny
210,2.0,location_phx,2.0,4.0,Day,0.0,15.0,sunny
211,1.0,location_sf,140.0,24.0,Day,0.0,47.0,sunny
212,0.0,location_phx,3.0,7.0,Day,0.0,44.0,sunny
213,0.0,location_sf,3.0,20.0,Night,0.0,29.0,sunny
214,0.0,location_sf,2.0,18.0,Day,0.0,36.0,sunny
215,2.0,location_phx,0.0,4.0,Day,0.0,20.0,sunny
216,0.0,location_sf,9.0,17.0,Day,0.0,53.0,sunny
217,0.0,location_phx,4.0,13.0,Day,0.0,23.0,sunny
218,0.0,location_other,1.0,18.0,Day,0.0,22.0,sunny
219,0.0,location_other,0.0,17.0,Day,0.0,13.0,sunny
220,0.0,location_phx,0.0,2.0,Day,0.0,38.0,sunny
221,0.0,location_sf,0.0,15.0,Day,0.0,32.0,sunny
222,0.0,location_sf,38.0,20.0,Day,0.0,121.0,sunny
223,0.0,location_phx,0.0,19.0,Day,0.0,16.0,sunny
224,0.0,location_sf,45.0,28.0,Day,0.0,45.0,sunny
225,0.0,location_sf,2.0,18.0,Day,0.0,45.0,sunny
226,0.0,location_phx,1.0,8.0,Day,0.0,4.0,sunny
227,0.0,location_phx,0.0,0.0,Day,0.0,6.0,sunny
228,0.0,location_other,3.0,19.0,Day,0.0,28.0,sunny
229,0.0,location_phx,0.0,27.0,Day,0.0,6.0,sunny
230,0.0,location_phx,1.0,18.0,Day,0.0,13.0,sunny
231,0.0,location_sf,1.0,25.0,Day,0.0,33.0,sunny
232,0.0,location_sf,2.0,15.0,Day,0.0,38.0,sunny
233,0.0,location_sf,44.0,10.0,Day,0.0,31.0,sunny
234,0.0,location_phx,0.0,21.0,Day,0.0,27.0,sunny
235,0.0,location_other,1.0,20.0,Day,0.0,27.0,sunny
236,0.0,location_phx,3.0,0.0,Day,0.0,17.0,sunny
237,0.0,location_sf,21.0,12.0,Day,0.0,40.0,sunny
238,0.0,location_phx,0.0,43.0,Day,0.0,35.0,sunny
239,0.0,location_phx,9.0,40.0,Day,0.0,19.0,sunny
240,0.0,location_sf,5.0,20.0,Day,0.0,38.0,sunny
241,0.0,location_sf,2.0,12.0,Night,0.0,15.0,sunny
242,0.0,location_phx,0.0,1.0,Day,0.0,34.0,sunny
243,1.0,location_other,2.0,7.0,Day,0.0,11.0,sunny
244,0.0,location_sf,67.0,11.0,Day,0.0,38.0,sunny
245,0.0,location_phx,0.0,1.0,Day,0.0,24.0,sunny
246,0.0,location_other,0.0,15.0,Day,0.0,45.0,sunny
247,6.0,location_sf,46.0,14.0,Day,0.0,18.0,sunny
248,0.0,location_phx,0.0,6.0,Day,0.0,14.0,sunny
249,0.0,location_sf,5.0,26.0,Night,0.0,25.0,sunny
250,0.0,location_sf,7.0,21.0,Day,0.0,37.0,sunny
251,0.0,location_phx,1.0,29.0,Day,0.0,46.0,sunny
252,1.0,location_sf,81.0,35.0,Day,0.0,60.0,sunny
253,3.0,location_other,2.0,26.0,Day,0.0,29.0,sunny
254,0.0,location_phx,1.0,26.0,Day,0.0,7.0,sunny
255,1.0,location_sf,31.0,18.0,Day,0.0,44.0,sunny
256,1.0,location_sf,42.0,20.0,Day,0.0,40.0,sunny
257,0.0,location_phx,5.0,22.0,Night,0.0,10.0,sunny
258,0.0,location_phx,2.0,48.0,Day,0.0,33.0,sunny
259,0.0,location_phx,0.0,18.0,Dawn/Dusk,0.0,5.0,sunny
260,0.0,location_phx,1.0,6.0,Dawn/Dusk,0.0,33.0,sunny
261,0.0,location_sf,9.0,25.0,Night,0.0,42.0,sunny
262,0.0,location_sf,0.0,6.0,Day,0.0,16.0,sunny
263,0.0,location_phx,5.0,3.0,Day,0.0,15.0,sunny
264,0.0,location_sf,1.0,11.0,Day,0.0,2.0,sunny
265,0.0,location_phx,0.0,10.0,Day,0.0,3.0,sunny
266,0.0,location_phx,5.0,8.0,Day,0.0,34.0,sunny
267,0.0,location_phx,1.0,1.0,Day,0.0,21.0,sunny
268,0.0,location_sf,2.0,4.0,Day,0.0,19.0,sunny
269,0.0,location_sf,80.0,18.0,Day,0.0,19.0,sunny
270,1.0,location_phx,2.0,3.0,Day,0.0,3.0,sunny
271,0.0,location_phx,0.0,12.0,Dawn/Dusk,0.0,44.0,sunny
272,0.0,location_other,3.0,4.0,Day,0.0,46.0,sunny
273,0.0,location_sf,30.0,25.0,Day,0.0,65.0,sunny
274,0.0,location_phx,1.0,22.0,Day,0.0,91.0,sunny
275,0.0,location_other,2.0,29.0,Day,0.0,55.0,sunny
276,0.0,location_sf,1.0,6.0,Day,0.0,25.0,sunny
277,0.0,location_phx,2.0,10.0,Day,0.0,11.0,sunny
278,0.0,location_sf,1.0,17.0,Day,0.0,22.0,sunny
279,0.0,location_sf,0.0,1.0,Day,0.0,19.0,sunny
280,1.0,location_other,3.0,9.0,Dawn/Dusk,0.0,14.0,sunny
281,1.0,location_phx,0.0,4.0,Day,0.0,7.0,sunny
282,0.0,location_sf,0.0,0.0,Day,0.0,6.0,rain
283,0.0,location_sf,2.0,35.0,Day,0.0,18.0,sunny
284,0.0,location_phx,1.0,0.0,Day,0.0,9.0,sunny
285,0.0,location_phx,0.0,13.0,Night,0.0,7.0,sunny
286,0.0,location_sf,4.0,14.0,Day,0.0,27.0,sunny
287,0.0,location_sf,133.0,29.0,Day,0.0,26.0,sunny
288,0.0,location_sf,0.0,8.0,Night,0.0,23.0,sunny
289,0.0,location_phx,0.0,0.0,Dawn/Dusk,0.0,4.0,rain
290,0.0,location_sf,7.0,14.0,Dawn/Dusk,0.0,31.0,sunny
291,0.0,location_sf,99.0,10.0,Night,0.0,41.0,sunny
292,0.0,location_phx,7.0,20.0,Dawn/Dusk,0.0,56.0,sunny
293,0.0,location_other,4.0,12.0,Day,0.0,23.0,sunny
294,0.0,location_other,0.0,13.0,Day,0.0,2.0,sunny
295,1.0,location_sf,0.0,29.0,Day,0.0,17.0,sunny
296,0.0,location_sf,2.0,18.0,Day,0.0,45.0,sunny
297,0.0,location_sf,45.0,35.0,Night,0.0,72.0,sunny
298,0.0,location_phx,0.0,2.0,Day,0.0,0.0,sunny
299,0.0,location_sf,77.0,19.0,Day,0.0,51.0,sunny
300,0.0,location_phx,12.0,16.0,Day,0.0,29.0,sunny
301,0.0,location_sf,0.0,4.0,Day,0.0,1.0,sunny
302,0.0,location_sf,13.0,19.0,Day,0.0,87.0,sunny
303,1.0,location_sf,2.0,38.0,Dawn/Dusk,0.0,46.0,sunny
304,0.0,location_phx,3.0,11.0,Day,0.0,65.0,sunny
305,1.0,location_sf,61.0,56.0,Day,0.0,38.0,sunny
306,0.0,location_phx,2.0,15.0,Dawn/Dusk,0.0,40.0,sunny
307,0.0,location_sf,35.0,42.0,Day,0.0,35.0,sunny
308,0.0,location_sf,6.0,23.0,Day,0.0,37.0,sunny
309,0.0,location_sf,0.0,6.0,Day,0.0,17.0,sunny
310,2.0,location_phx,0.0,11.0,Dawn/Dusk,0.0,62.0,sunny
311,0.0,location_other,0.0,25.0,Day,0.0,2.0,sunny
312,0.0,location_phx,14.0,10.0,Dawn/Dusk,0.0,86.0,sunny
313,0.0,location_other,5.0,20.0,Day,0.0,44.0,sunny
314,0.0,location_sf,2.0,15.0,Day,0.0,23.0,sunny
315,0.0,location_phx,0.0,6.0,Day,0.0,25.0,sunny
316,0.0,location_sf,43.0,17.0,Day,0.0,5.0,sunny
317,0.0,location_phx,3.0,0.0,Day,0.0,18.0,sunny
318,0.0,location_sf,2.0,12.0,Dawn/Dusk,0.0,41.0,sunny
319,0.0,location_sf,31.0,17.0,Dawn/Dusk,0.0,31.0,sunny
320,0.0,location_sf,1.0,40.0,Day,0.0,36.0,sunny
321,0.0,location_phx,2.0,6.0,Night,0.0,7.0,sunny
322,0.0,location_phx,5.0,38.0,Day,0.0,23.0,sunny
323,0.0,location_phx,5.0,18.0,Day,0.0,26.0,sunny
324,0.0,location_sf,1.0,17.0,Day,0.0,21.0,sunny
325,0.0,location_sf,1.0,19.0,Day,0.0,9.0,sunny
326,0.0,location_sf,10.0,16.0,Day,0.0,6.0,sunny
327,0.0,location_sf,25.0,12.0,Day,0.0,16.0,sunny
328,1.0,location_sf,88.0,19.0,Day,0.0,33.0,sunny
329,0.0,location_phx,0.0,7.0,Night,0.0,8.0,sunny
330,0.0,location_phx,2.0,3.0,Dawn/Dusk,0.0,5.0,sunny
331,1.0,location_other,3.0,17.0,Dawn/Dusk,0.0,33.0,sunny
332,0.0,location_other,0.0,3.0,Day,0.0,7.0,sunny
333,0.0,location_phx,2.0,8.0,Dawn/Dusk,0.0,21.0,sunny
334,0.0,location_phx,2.0,1.0,Dawn/Dusk,0.0,30.0,sunny
335,0.0,location_other,0.0,14.0,Night,0.0,5.0,sunny
336,1.0,location_phx,2.0,20.0,Dawn/Dusk,0.0,27.0,sunny
337,0.0,location_phx,11.0,27.0,Night,0.0,69.0,sunny
338,0.0,location_sf,3.0,18.0,Day,0.0,33.0,sunny
339,1.0,location_sf,77.0,19.0,Day,0.0,33.0,sunny
340,0.0,location_sf,1.0,12.0,Dawn/Dusk,0.0,42.0,sunny
341,0.0,location_sf,1.0,22.0,Night,0.0,32.0,sunny
342,0.0,location_sf,0.0,0.0,Day,0.0,43.0,sunny
343,0.0,location_phx,1.0,30.0,Night,0.0,25.0,sunny
344,0.0,location_phx,0.0,5.0,Day,0.0,3.0,sunny
345,0.0,location_phx,1.0,8.0,Day,0.0,31.0,sunny
346,1.0,location_other,5.0,10.0,Day,0.0,16.0,sunny
347,0.0,location_other,2.0,17.0,Day,0.0,28.0,sunny
348,0.0,location_phx,0.0,8.0,Day,0.0,4.0,sunny
349,0.0,location_sf,83.0,24.0,Day,0.0,54.0,sunny
350,8.0,location_sf,58.0,28.0,Day,0.0,26.0,sunny
351,0.0,location_other,1.0,6.0,Day,0.0,24.0,sunny
352,0.0,location_sf,39.0,18.0,Day,0.0,44.0,sunny
353,0.0,location_sf,80.0,13.0,Day,0.0,46.0,sunny
354,1.0,location_sf,42.0,23.0,Day,0.0,55.0,sunny
355,0.0,location_phx,5.0,5.0,Day,0.0,0.0,sunny
356,2.0,location_sf,11.0,38.0,Day,0.0,37.0,sunny
357,1.0,location_sf,60.0,21.0,Day,0.0,26.0,sunny
358,0.0,location_other,0.0,4.0,Day,0.0,17.0,sunny
359,1.0,location_sf,9.0,35.0,Day,0.0,61.0,sunny
360,0.0,location_phx,2.0,4.0,Day,0.0,20.0,sunny
361,0.0,location_sf,60.0,25.0,Day,0.0,84.0,sunny
362,0.0,location_phx,0.0,7.0,Day,0.0,18.0,sunny
363,0.0,location_sf,5.0,18.0,Day,0.0,21.0,sunny
364,2.0,location_phx,2.0,4.0,Day,0.0,10.0,sunny
365,9.0,location_sf,61.0,28.0,Day,0.0,29.0,sunny
366,0.0,location_sf,33.0,16.0,Day,0.0,39.0,sunny
367,0.0,location_phx,7.0,14.0,Dawn/Dusk,0.0,46.0,sunny
368,0.0,location_other,0.0,4.0,Day,0.0,18.0,sunny
369,0.0,location_sf,1.0,12.0,Day,0.0,29.0,sunny
370,0.0,location_phx,0.0,12.0,Night,0.0,11.0,sunny
371,0.0,location_phx,0.0,13.0,Day,0.0,46.0,sunny
372,0.0,location_sf,3.0,8.0,Day,0.0,18.0,sunny
373,7.0,location_other,1.0,15.0,Day,0.0,18.0,sunny
374,0.0,location_sf,9.0,21.0,Day,0.0,37.0,sunny
375,0.0,location_sf,2.0,11.0,Day,0.0,45.0,sunny
376,0.0,location_sf,50.0,28.0,Day,0.0,18.0,sunny
377,0.0,location_phx,2.0,10.0,Day,0.0,4.0,sunny
378,0.0,location_phx,3.0,4.0,Day,0.0,0.0,sunny
379,0.0,location_phx,2.0,19.0,Day,0.0,41.0,sunny
380,0.0,location_phx,0.0,27.0,Day,0.0,9.0,sunny
381,0.0,location_sf,11.0,40.0,Day,0.0,69.0,sunny
382,0.0,location_sf,50.0,19.0,Night,0.0,33.0,sunny
383,0.0,location_sf,21.0,14.0,Day,0.0,61.0,sunny
384,0.0,location_phx,1.0,19.0,Day,0.0,32.0,sunny
385,0.0,location_sf,9.0,17.0,Day,0.0,51.0,sunny
386,0.0,location_phx,0.0,13.0,Day,0.0,2.0,sunny
387,2.0,location_sf,22.0,24.0,Night,0.0,28.0,sunny
388,0.0,location_other,0.0,14.0,Night,0.0,5.0,sunny
389,0.0,location_phx,0.0,1.0,Day,0.0,3.0,sunny
390,0.0,location_phx,0.0,1.0,Day,0.0,9.0,sunny
391,0.0,location_sf,5.0,12.0,Day,0.0,13.0,sunny
392,0.0,location_phx,0.0,10.0,Day,0.0,31.0,sunny
393,0.0,location_other,3.0,6.0,Day,0.0,9.0,sunny
394,0.0,location_phx,1.0,5.0,Dawn/Dusk,0.0,30.0,sunny
395,0.0,location_phx,1.0,2.0,Day,0.0,18.0,sunny
396,0.0,location_phx,7.0,9.0,Day,0.0,6.0,sunny
397,0.0,location_other,2.0,15.0,Day,0.0,16.0,sunny
398,0.0,location_phx,0.0,2.0,Day,0.0,9.0,sunny
399,0.0,location_phx,3.0,15.0,Day,0.0,11.0,sunny
400,0.0,location_phx,4.0,12.0,Night,0.0,33.0,sunny
401,0.0,location_sf,4.0,11.0,Day,0.0,13.0,sunny
402,0.0,location_sf,94.0,23.0,Day,0.0,106.0,sunny
403,0.0,location_other,0.0,19.0,Day,0.0,36.0,sunny
404,0.0,location_other,2.0,29.0,Day,0.0,33.0,sunny
405,0.0,location_sf,0.0,5.0,Day,0.0,9.0,sunny
406,0.0,location_other,0.0,1.0,Day,0.0,34.0,sunny
407,0.0,location_phx,4.0,19.0,Night,0.0,44.0,sunny
408,1.0,location_sf,0.0,29.0,Day,0.0,20.0,sunny
409,0.0,location_phx,0.0,2.0,Night,0.0,8.0,sunny
410,0.0,location_phx,5.0,10.0,Day,0.0,40.0,sunny
411,0.0,location_sf,2.0,15.0,Day,0.0,23.0,sunny
412,0.0,location_other,0.0,20.0,Night,0.0,29.0,sunny
413,0.0,location_phx,0.0,4.0,Day,0.0,3.0,sunny
414,0.0,location_sf,44.0,34.0,Night,0.0,69.0,sunny
415,1.0,location_phx,1.0,0.0,Day,0.0,23.0,sunny
416,0.0,location_phx,0.0,46.0,Day,0.0,12.0,sunny
417,0.0,location_other,0.0,33.0,Night,0.0,18.0,sunny
418,0.0,location_sf,4.0,22.0,Night,0.0,24.0,sunny
419,1.0,location_phx,0.0,4.0,Day,0.0,25.0,sunny
420,0.0,location_other,0.0,12.0,Day,0.0,34.0,sunny
421,0.0,location_phx,7.0,7.0,Day,0.0,13.0,sunny
422,0.0,location_phx,0.0,7.0,Dawn/Dusk,0.0,0.0,sunny
423,0.0,location_phx,3.0,17.0,Dawn/Dusk,0.0,2.0,sunny
424,2.0,location_sf,56.0,8.0,Day,0.0,30.0,sunny
425,3.0,location_phx,1.0,6.0,Day,0.0,0.0,sunny
426,0.0,location_phx,3.0,22.0,Day,0.0,5.0,sunny
427,0.0,location_sf,17.0,11.0,Day,0.0,51.0,sunny
428,2.0,location_sf,54.0,9.0,Day,0.0,31.0,sunny
429,0.0,location_sf,1.0,24.0,Day,0.0,26.0,sunny
430,0.0,location_sf,61.0,8.0,Day,0.0,34.0,sunny
431,0.0,location_phx,0.0,38.0,Day,0.0,7.0,sunny
432,0.0,location_phx,0.0,0.0,Night,0.0,3.0,sunny
433,0.0,location_sf,9.0,33.0,Day,0.0,49.0,sunny
434,0.0,location_sf,1.0,18.0,Day,0.0,35.0,sunny
435,0.0,location_phx,2.0,6.0,Day,0.0,3.0,sunny
436,1.0,location_sf,97.0,39.0,Dawn/Dusk,0.0,12.0,sunny
437,0.0,location_sf,2.0,11.0,Day,0.0,16.0,sunny
438,0.0,location_sf,60.0,22.0,Day,0.0,43.0,sunny
439,0.0,location_phx,0.0,0.0,Dawn/Dusk,0.0,3.0,rain
440,0.0,location_phx,0.0,6.0,Dawn/Dusk,0.0,41.0,sunny
441,2.0,location_other,3.0,48.0,Dawn/Dusk,0.0,28.0,sunny
442,0.0,location_sf,7.0,39.0,Dawn/Dusk,0.0,41.0,sunny
443,0.0,location_sf,12.0,10.0,Day,0.0,31.0,sunny
444,0.0,location_sf,2.0,33.0,Day,0.0,29.0,sunny
445,0.0,location_other,0.0,19.0,Day,0.0,35.0,sunny
446,0.0,location_phx,11.0,22.0,Day,0.0,16.0,sunny
447,0.0,location_phx,0.0,2.0,Day,0.0,25.0,sunny
448,0.0,location_phx,3.0,13.0,Dawn/Dusk,0.0,6.0,sunny
449,0.0,location_sf,6.0,18.0,Day,0.0,23.0,sunny
450,1.0,location_sf,61.0,21.0,Day,0.0,27.0,sunny
451,0.0,location_sf,33.0,17.0,Dawn/Dusk,0.0,30.0,sunny
452,0.0,location_sf,54.0,33.0,Day,0.0,19.0,sunny
453,0.0,location_phx,10.0,33.0,Day,0.0,73.0,sunny
454,1.0,location_other,2.0,7.0,Day,0.0,15.0,sunny
455,0.0,location_other,3.0,1.0,Day,0.0,20.0,sunny
456,0.0,location_phx,0.0,22.0,Night,0.0,17.0,sunny
457,0.0,location_phx,0.0,6.0,Day,0.0,12.0,sunny
458,0.0,location_other,3.0,28.0,Day,0.0,31.0,sunny
459,0.0,location_phx,2.0,8.0,Day,0.0,3.0,sunny
460,0.0,location_sf,59.0,25.0,Day,0.0,55.0,sunny
461,0.0,location_sf,26.0,12.0,Day,0.0,16.0,sunny
462,0.0,location_sf,3.0,19.0,Day,0.0,22.0,sunny
463,1.0,location_phx,0.0,3.0,Day,0.0,25.0,sunny
464,0.0,location_phx,2.0,1.0,Day,0.0,11.0,sunny
465,1.0,location_other,5.0,10.0,Day,0.0,16.0,sunny
466,0.0,location_phx,0.0,15.0,Day,0.0,2.0,sunny
467,1.0,location_sf,12.0,19.0,Day,0.0,28.0,sunny
468,0.0,location_sf,48.0,22.0,Day,0.0,42.0,sunny
469,1.0,location_sf,41.0,21.0,Day,0.0,44.0,sunny
470,0.0,location_phx,0.0,5.0,Day,0.0,10.0,sunny
471,0.0,location_sf,41.0,17.0,Day,0.0,27.0,sunny
472,0.0,location_sf,4.0,39.0,Day,0.0,36.0,sunny
473,1.0,location_other,2.0,9.0,Day,0.0,19.0,sunny
474,0.0,location_phx,0.0,11.0,Day,0.0,5.0,sunny
475,0.0,location_sf,83.0,22.0,Day,0.0,43.0,sunny
476,0.0,location_sf,1.0,11.0,Day,0.0,24.0,sunny
477,0.0,location_other,5.0,14.0,Day,0.0,23.0,sunny
478,0.0,location_sf,1.0,24.0,Day,0.0,33.0,sunny
479,0.0,location_phx,0.0,1.0,Dawn/Dusk,0.0,102.0,rain
480,0.0,location_sf,0.0,16.0,Day,0.0,26.0,sunny
481,0.0,location_phx,0.0,21.0,Night,0.0,30.0,sunny
482,0.0,location_phx,0.0,39.0,Day,0.0,34.0,sunny
483,0.0,location_sf,0.0,21.0,Day,0.0,16.0,sunny
484,0.0,location_phx,1.0,25.0,Day,0.0,13.0,sunny
485,0.0,location_sf,0.0,1.0,Day,0.0,11.0,sunny
486,0.0,location_sf,7.0,20.0,Day,0.0,28.0,sunny
487,0.0,location_phx,1.0,19.0,Day,0.0,4.0,sunny
488,0.0,location_sf,49.0,12.0,Day,0.0,63.0,sunny
489,0.0,location_sf,0.0,36.0,Night,0.0,26.0,sunny
490,4.0,location_sf,94.0,34.0,Day,0.0,45.0,sunny
491,0.0,location_phx,3.0,18.0,Day,0.0,19.0,sunny
492,0.0,location_phx,1.0,0.0,Dawn/Dusk,0.0,22.0,sunny
493,0.0,location_sf,63.0,9.0,Day,0.0,32.0,sunny
494,0.0,location_sf,0.0,19.0,Night,0.0,24.0,sunny
495,0.0,location_phx,0.0,8.0,Dawn/Dusk,0.0,24.0,sunny
496,0.0,location_phx,7.0,12.0,Dawn/Dusk,0.0,100.0,sunny
497,0.0,location_sf,3.0,29.0,Day,0.0,44.0,sunny
498,0.0,location_sf,13.0,41.0,Day,0.0,36.0,sunny
499,1.0,location_other,5.0,10.0,Day,0.0,16.0,sunny
500,0.0,location_phx,2.0,1.0,Night,0.0,12.0,sunny
501,0.0,location_sf,56.0,33.0,Day,0.0,20.0,sunny
502,0.0,location_phx,0.0,0.0,Day,0.0,8.0,sunny
503,0.0,location_sf,9.0,17.0,Day,0.0,50.0,sunny
504,0.0,location_phx,6.0,14.0,Dawn/Dusk,0.0,36.0,sunny
505,0.0,location_sf,6.0,9.0,Day,0.0,11.0,sunny
506,0.0,location_phx,1.0,27.0,Day,0.0,19.0,sunny
507,0.0,location_other,0.0,12.0,Day,0.0,23.0,sunny
508,0.0,location_phx,0.0,17.0,Day,0.0,33.0,sunny
509,0.0,location_sf,38.0,21.0,Day,0.0,50.0,sunny
510,0.0,location_sf,1.0,7.0,Day,0.0,28.0,sunny
511,0.0,location_phx,4.0,7.0,Day,0.0,6.0,sunny
512,3.0,location_sf,79.0,22.0,Day,0.0,18.0,sunny
513,0.0,location_phx,8.0,38.0,Day,0.0,76.0,sunny
514,0.0,location_phx,10.0,7.0,Dawn/Dusk,0.0,60.0,sunny
515,0.0,location_sf,2.0,25.0,Day,0.0,26.0,sunny
516,1.0,location_sf,3.0,14.0,Day,0.0,24.0,sunny
517,0.0,location_sf,13.0,24.0,Night,0.0,26.0,sunny
518,0.0,location_sf,8.0,13.0,Day,0.0,124.0,sunny
519,0.0,location_phx,0.0,6.0,Day,0.0,6.0,sunny
520,0.0,location_phx,1.0,17.0,Day,0.0,61.0,sunny
521,0.0,location_other,0.0,12.0,Day,0.0,8.0,sunny
522,0.0,location_phx,3.0,4.0,Day,0.0,0.0,sunny
523,0.0,location_phx,0.0,10.0,Day,0.0,11.0,sunny
524,0.0,location_sf,48.0,14.0,Night,0.0,26.0,sunny
525,0.0,location_sf,2.0,15.0,Day,0.0,36.0,sunny
526,0.0,location_other,4.0,11.0,Day,0.0,21.0,sunny
527,0.0,location_other,2.0,27.0,Day,0.0,26.0,sunny
528,0.0,location_phx,0.0,0.0,Day,0.0,13.0,sunny
529,0.0,location_phx,1.0,17.0,Day,0.0,23.0,sunny
530,0.0,location_other,0.0,26.0,Day,0.0,35.0,sunny
531,1.0,location_sf,0.0,29.0,Day,0.0,20.0,sunny
532,1.0,location_sf,116.0,19.0,Day,0.0,54.0,sunny
533,0.0,location_other,0.0,11.0,Night,0.0,22.0,sunny
534,0.0,location_sf,26.0,12.0,Day,0.0,16.0,sunny
535,0.0,location_sf,55.0,34.0,Day,0.0,45.0,sunny
536,0.0,location_sf,3.0,16.0,Day,0.0,24.0,sunny
537,0.0,location_sf,3.0,10.0,Day,0.0,40.0,sunny
538,0.0,location_phx,2.0,3.0,Night,0.0,14.0,sunny
539,0.0,location_other,2.0,12.0,Day,0.0,20.0,sunny
540,0.0,location_sf,60.0,21.0,Day,0.0,42.0,sunny
541,0.0,location_sf,82.0,10.0,Day,0.0,42.0,sunny
542,0.0,location_other,1.0,8.0,Day,0.0,13.0,sunny
543,0.0,location_other,0.0,43.0,Day,0.0,3.0,sunny
544,0.0,location_phx,0.0,11.0,Day,0.0,6.0,sunny
545,0.0,location_other,1.0,8.0,Day,0.0,20.0,sunny
546,0.0,location_sf,50.0,19.0,Day,0.0,17.0,sunny
547,0.0,location_sf,4.0,34.0,Night,0.0,42.0,sunny
548,0.0,location_phx,0.0,3.0,Day,0.0,6.0,sunny
549,0.0,location_phx,0.0,1.0,Day,0.0,19.0,sunny
550,0.0,location_sf,69.0,26.0,Day,0.0,50.0,sunny
551,0.0,location_sf,0.0,33.0,Day,0.0,24.0,sunny
552,0.0,location_phx,0.0,5.0,Day,0.0,8.0,sunny
553,0.0,location_sf,58.0,19.0,Day,0.0,125.0,sunny
554,3.0,location_other,2.0,15.0,Day,0.0,16.0,sunny
555,0.0,location_phx,0.0,6.0,Day,0.0,18.0,sunny
556,0.0,location_phx,4.0,12.0,Day,0.0,44.0,sunny
557,0.0,location_phx,4.0,0.0,Day,0.0,15.0,sunny
558,0.0,location_sf,71.0,13.0,Day,0.0,45.0,sunny
559,0.0,location_other,3.0,27.0,Day,0.0,66.0,sunny
560,0.0,location_phx,14.0,56.0,Day,0.0,156.0,sunny
561,0.0,location_phx,0.0,15.0,Day,0.0,31.0,sunny
562,0.0,location_sf,76.0,17.0,Day,0.0,47.0,sunny
563,0.0,location_phx,0.0,13.0,Dawn/Dusk,0.0,8.0,sunny
564,0.0,location_sf,50.0,9.0,Day,0.0,36.0,sunny
565,0.0,location_other,3.0,11.0,Day,0.0,19.0,sunny
566,0.0,location_other,4.0,50.0,Day,0.0,42.0,sunny
567,2.0,location_sf,66.0,31.0,Day,0.0,37.0,sunny
568,0.0,location_phx,1.0,5.0,Dawn/Dusk,0.0,28.0,sunny
569,0.0,location_sf,55.0,44.0,Day,0.0,46.0,sunny
570,1.0,location_sf,0.0,1.0,Day,0.0,8.0,sunny
571,1.0,location_sf,12.0,19.0,Day,0.0,26.0,sunny
572,0.0,location_phx,0.0,8.0,Dawn/Dusk,0.0,9.0,sunny
573,0.0,location_phx,0.0,0.0,Day,0.0,10.0,sunny
574,3.0,location_phx,1.0,12.0,Night,0.0,22.0,sunny
575,0.0,location_phx,0.0,30.0,Day,0.0,12.0,sunny
576,2.0,location_sf,45.0,42.0,Day,0.0,54.0,sunny
577,0.0,location_phx,0.0,19.0,Day,0.0,39.0,sunny
578,0.0,location_phx,1.0,23.0,Day,0.0,50.0,sunny
579,0.0,location_sf,2.0,11.0,Day,0.0,25.0,sunny
580,0.0,location_phx,1.0,2.0,Day,0.0,14.0,sunny
581,1.0,location_sf,16.0,15.0,Day,0.0,56.0,sunny
582,0.0,location_phx,0.0,4.0,Day,0.0,79.0,sunny
583,9.0,location_sf,62.0,29.0,Day,0.0,41.0,sunny
584,0.0,location_phx,0.0,20.0,Day,0.0,29.0,sunny
585,0.0,location_sf,0.0,12.0,Day,0.0,35.0,sunny
586,1.0,location_sf,7.0,31.0,Day,0.0,44.0,sunny
587,0.0,location_sf,0.0,29.0,Night,0.0,26.0,sunny
588,0.0,location_phx,1.0,16.0,Day,0.0,42.0,sunny
589,2.0,location_sf,74.0,18.0,Day,0.0,43.0,sunny
590,0.0,location_sf,82.0,11.0,Day,0.0,36.0,sunny
591,0.0,location_sf,6.0,21.0,Day,0.0,73.0,sunny
592,0.0,location_phx,0.0,10.0,Day,0.0,11.0,sunny
593,1.0,location_other,16.0,30.0,Day,0.0,54.0,sunny
594,0.0,location_sf,0.0,20.0,Night,0.0,23.0,sunny
595,0.0,location_sf,33.0,11.0,Day,0.0,26.0,sunny
596,0.0,location_sf,5.0,21.0,Day,0.0,38.0,sunny
597,0.0,location_sf,4.0,12.0,Day,0.0,11.0,sunny
598,1.0,location_sf,91.0,25.0,Day,0.0,45.0,sunny
599,1.0,location_sf,50.0,8.0,Day,0.0,31.0,sunny
600,2.0,location_sf,12.0,31.0,Night,0.0,29.0,sunny
601,0.0,location_sf,4.0,9.0,Day,0.0,36.0,sunny
602,5.0,location_sf,62.0,35.0,Day,0.0,24.0,sunny
603,0.0,location_phx,1.0,21.0,Day,0.0,58.0,sunny
604,0.0,location_phx,3.0,25.0,Dawn/Dusk,0.0,17.0,sunny
605,0.0,location_sf,9.0,11.0,Day,0.0,41.0,sunny
606,0.0,location_sf,10.0,24.0,Day,0.0,56.0,sunny
607,0.0,location_phx,1.0,3.0,Dawn/Dusk,0.0,7.0,sunny
608,0.0,location_other,0.0,14.0,Day,0.0,18.0,sunny
609,0.0,location_sf,1.0,11.0,Night,0.0,32.0,sunny
610,1.0,location_phx,10.0,7.0,Day,0.0,11.0,sunny
611,0.0,location_sf,17.0,21.0,Day,0.0,67.0,sunny
612,0.0,location_sf,16.0,7.0,Day,0.0,114.0,sunny
613,0.0,location_phx,0.0,0.0,Day,0.0,14.0,sunny
614,0.0,location_phx,4.0,28.0,Day,0.0,51.0,sunny
615,0.0,location_sf,43.0,18.0,Day,0.0,15.0,sunny
616,2.0,location_phx,3.0,7.0,Day,0.0,6.0,sunny
617,0.0,location_phx,0.0,1.0,Day,0.0,15.0,sunny
618,0.0,location_sf,0.0,12.0,Day,0.0,31.0,sunny
619,0.0,location_other,1.0,3.0,Day,0.0,18.0,sunny
620,0.0,location_phx,2.0,9.0,Day,0.0,5.0,sunny
621,0.0,location_sf,2.0,14.0,Day,0.0,31.0,sunny
622,0.0,location_other,0.0,12.0,Night,0.0,25.0,sunny
623,0.0,location_sf,1.0,14.0,Day,0.0,59.0,sunny
624,0.0,location_phx,3.0,4.0,Night,0.0,14.0,sunny
625,1.0,location_other,2.0,6.0,Day,0.0,26.0,sunny
626,0.0,location_phx,2.0,49.0,Day,0.0,49.0,sunny
627,0.0,location_phx,1.0,10.0,Day,0.0,12.0,sunny
628,0.0,location_sf,21.0,26.0,Day,0.0,70.0,sunny
629,1.0,location_phx,0.0,2.0,Day,0.0,14.0,sunny
630,0.0,location_phx,0.0,8.0,Day,0.0,2.0,sunny
631,2.0,location_sf,56.0,8.0,Day,0.0,29.0,sunny
632,0.0,location_phx,6.0,19.0,Day,0.0,21.0,sunny
633,0.0,location_phx,0.0,9.0,Day,0.0,7.0,sunny
634,0.0,location_sf,6.0,26.0,Night,0.0,24.0,sunny
635,0.0,location_phx,0.0,19.0,Day,0.0,44.0,sunny
636,0.0,location_phx,0.0,1.0,Day,0.0,14.0,sunny
637,1.0,location_other,6.0,32.0,Day,0.0,66.0,sunny
638,0.0,location_sf,85.0,22.0,Day,0.0,41.0,sunny
639,0.0,location_sf,78.0,21.0,Day,0.0,25.0,sunny
640,0.0,location_phx,8.0,38.0,Day,0.0,81.0,sunny
641,0.0,location_sf,2.0,2.0,Day,0.0,17.0,sunny
642,0.0,location_sf,0.0,30.0,Night,0.0,27.0,sunny
643,1.0,location_phx,4.0,15.0,Night,0.0,30.0,sunny
644,0.0,location_phx,1.0,43.0,Day,0.0,37.0,sunny
645,1.0,location_phx,1.0,14.0,Day,0.0,49.0,sunny
646,0.0,location_phx,1.0,48.0,Day,0.0,21.0,sunny
647,1.0,location_phx,0.0,10.0,Day,0.0,10.0,sunny
648,0.0,location_other,6.0,20.0,Day,0.0,46.0,sunny
649,1.0,location_sf,97.0,7.0,Day,0.0,34.0,sunny
650,0.0,location_sf,0.0,10.0,Day,0.0,13.0,sunny
651,0.0,location_sf,7.0,16.0,Day,0.0,21.0,sunny
652,0.0,location_phx,2.0,3.0,Day,0.0,13.0,sunny
653,0.0,location_sf,8.0,36.0,Day,0.0,33.0,sunny
654,0.0,location_phx,14.0,52.0,Day,0.0,150.0,sunny
655,0.0,location_sf,1.0,16.0,Day,0.0,21.0,sunny
656,0.0,location_other,3.0,11.0,Day,0.0,22.0,sunny
657,0.0,location_sf,2.0,28.0,Day,0.0,67.0,sunny
658,1.0,location_sf,87.0,27.0,Day,0.0,47.0,sunny
659,0.0,location_other,2.0,27.0,Day,0.0,147.0,sunny
660,0.0,location_phx,0.0,28.0,Day,0.0,41.0,sunny
661,0.0,location_other,2.0,8.0,Day,0.0,70.0,sunny
662,0.0,location_phx,1.0,12.0,Day,0.0,76.0,sunny
663,0.0,location_phx,2.0,0.0,Day,0.0,10.0,sunny
664,0.0,location_sf,1.0,11.0,Dawn/Dusk,0.0,38.0,sunny
665,0.0,location_sf,56.0,33.0,Day,0.0,20.0,sunny
666,0.0,location_phx,1.0,19.0,Day,0.0,12.0,sunny
667,1.0,location_sf,0.0,10.0,Day,0.0,38.0,sunny
668,1.0,location_sf,97.0,39.0,Dawn/Dusk,0.0,17.0,sunny
669,0.0,location_phx,1.0,3.0,Day,0.0,12.0,sunny
670,0.0,location_sf,1.0,17.0,Day,0.0,44.0,sunny
671,0.0,location_sf,2.0,17.0,Day,0.0,45.0,sunny
672,0.0,location_other,1.0,16.0,Day,0.0,34.0,sunny
673,0.0,location_phx,0.0,14.0,Night,0.0,19.0,sunny
674,0.0,location_phx,5.0,22.0,Day,0.0,26.0,sunny
675,1.0,location_phx,0.0,13.0,Day,0.0,7.0,sunny
676,0.0,location_phx,5.0,6.0,Day,0.0,37.0,sunny
677,1.0,location_sf,98.0,27.0,Day,0.0,34.0,sunny
678,0.0,location_sf,82.0,30.0,Day,0.0,53.0,sunny
679,0.0,location_phx,2.0,1.0,Day,0.0,14.0,sunny
680,0.0,location_sf,1.0,9.0,Day,0.0,32.0,sunny
681,0.0,location_sf,4.0,20.0,Day,0.0,24.0,sunny
682,0.0,location_other,2.0,32.0,Day,0.0,151.0,sunny
683,2.0,location_sf,90.0,18.0,Day,0.0,46.0,sunny
684,0.0,location_phx,2.0,6.0,Dawn/Dusk,0.0,39.0,sunny
685,0.0,location_sf,0.0,4.0,Day,0.0,19.0,sunny
686,0.0,location_sf,0.0,0.0,Day,0.0,7.0,sunny
687,0.0,location_sf,54.0,8.0,Day,0.0,34.0,sunny
688,0.0,location_phx,0.0,15.0,Day,0.0,53.0,sunny
689,1.0,location_sf,5.0,22.0,Day,0.0,34.0,sunny
690,0.0,location_other,4.0,8.0,Day,0.0,19.0,sunny
691,0.0,location_sf,1.0,0.0,Day,0.0,1.0,sunny
692,1.0,location_sf,1.0,22.0,Day,0.0,17.0,sunny
693,0.0,location_phx,0.0,18.0,Day,0.0,11.0,sunny
694,0.0,location_sf,0.0,4.0,Day,0.0,15.0,sunny
695,1.0,location_sf,5.0,11.0,Day,0.0,44.0,sunny
696,0.0,location_phx,0.0,16.0,Day,0.0,37.0,sunny
697,0.0,location_sf,1.0,11.0,Day,0.0,37.0,sunny
698,0.0,location_phx,0.0,1.0,Day,0.0,21.0,sunny
699,0.0,location_sf,6.0,18.0,Dawn/Dusk,0.0,43.0,sunny
700,0.0,location_sf,2.0,13.0,Day,0.0,33.0,sunny
701,0.0,location_sf,2.0,15.0,Day,0.0,39.0,sunny
702,0.0,location_sf,1.0,10.0,Day,0.0,37.0,sunny
703,0.0,location_sf,1.0,34.0,Day,0.0,22.0,sunny
704,0.0,location_sf,14.0,17.0,Day,0.0,52.0,sunny
705,0.0,location_phx,3.0,22.0,Day,0.0,5.0,sunny
706,0.0,location_sf,2.0,14.0,Day,0.0,44.0,sunny
707,0.0,location_sf,4.0,13.0,Day,0.0,44.0,sunny
708,1.0,location_phx,1.0,3.0,Day,0.0,17.0,sunny
709,0.0,location_sf,1.0,28.0,Day,0.0,32.0,sunny
710,0.0,location_sf,0.0,2.0,Day,0.0,18.0,sunny
711,0.0,location_sf,53.0,16.0,Day,0.0,23.0,sunny
712,1.0,location_other,7.0,23.0,Dawn/Dusk,0.0,20.0,sunny
713,0.0,location_phx,3.0,3.0,Day,0.0,0.0,sunny
714,0.0,location_sf,0.0,16.0,Day,0.0,38.0,sunny
715,0.0,location_phx,12.0,15.0,Day,0.0,37.0,sunny
716,0.0,location_sf,1.0,9.0,Day,0.0,27.0,sunny
717,1.0,location_sf,2.0,37.0,Dawn/Dusk,0.0,43.0,sunny
718,5.0,location_sf,74.0,28.0,Day,0.0,32.0,sunny
719,0.0,location_phx,12.0,27.0,Day,0.0,16.0,sunny
720,0.0,location_phx,1.0,20.0,Day,0.0,35.0,sunny
721,0.0,location_sf,0.0,8.0,Day,0.0,8.0,sunny
722,0.0,location_sf,6.0,16.0,Day,0.0,26.0,sunny
723,2.0,location_other,8.0,22.0,Day,0.0,24.0,sunny
724,0.0,location_phx,9.0,8.0,Dawn/Dusk,0.0,88.0,sunny
725,0.0,location_phx,10.0,25.0,Day,0.0,114.0,sunny
726,0.0,location_phx,0.0,0.0,Day,0.0,7.0,sunny
727,0.0,location_sf,2.0,18.0,Day,0.0,40.0,sunny
728,0.0,location_sf,1.0,13.0,Day,0.0,41.0,sunny
729,0.0,location_phx,3.0,0.0,Dawn/Dusk,0.0,7.0,sunny
730,0.0,location_sf,3.0,7.0,Day,0.0,33.0,sunny
731,0.0,location_other,0.0,11.0,Day,0.0,15.0,sunny
732,1.0,location_sf,14.0,13.0,Day,0.0,27.0,sunny
733,0.0,location_other,1.0,32.0,Day,0.0,90.0,sunny
734,1.0,location_phx,13.0,49.0,Day,0.0,148.0,sunny
735,0.0,location_sf,1.0,1.0,Day,0.0,2.0,sunny
736,0.0,location_sf,54.0,22.0,Day,0.0,43.0,sunny
737,0.0,location_phx,0.0,8.0,Day,0.0,10.0,sunny
738,0.0,location_phx,0.0,18.0,Night,0.0,21.0,sunny
739,0.0,location_sf,12.0,16.0,Dawn/Dusk,0.0,13.0,sunny
740,0.0,location_sf,87.0,20.0,Day,0.0,16.0,sunny
741,0.0,location_other,0.0,10.0,Night,0.0,33.0,sunny
742,4.0,location_sf,164.0,20.0,Day,0.0,30.0,sunny
743,0.0,location_phx,0.0,17.0,Day,0.0,9.0,sunny
744,0.0,location_sf,9.0,11.0,Day,0.0,43.0,sunny
745,0.0,location_sf,56.0,33.0,Day,0.0,20.0,sunny
746,1.0,location_other,1.0,5.0,Day,0.0,11.0,sunny
747,0.0,location_other,1.0,20.0,Day,0.0,29.0,sunny
748,2.0,location_phx,4.0,31.0,Dawn/Dusk,0.0,24.0,sunny
749,0.0,location_sf,62.0,52.0,Day,0.0,57.0,sunny
750,0.0,location_sf,6.0,24.0,Day,0.0,53.0,sunny
751,0.0,location_phx,4.0,3.0,Day,0.0,17.0,sunny
752,0.0,location_phx,25.0,35.0,Day,0.0,136.0,sunny
753,0.0,location_phx,1.0,8.0,Day,0.0,4.0,sunny
754,0.0,location_phx,4.0,32.0,Day,0.0,58.0,sunny
755,0.0,location_phx,6.0,11.0,Dawn/Dusk,0.0,50.0,sunny
756,0.0,location_sf,31.0,26.0,Day,0.0,37.0,sunny
757,0.0,location_sf,90.0,21.0,Day,0.0,71.0,sunny
758,0.0,location_sf,42.0,22.0,Day,0.0,124.0,sunny
759,0.0,location_sf,1.0,12.0,Day,0.0,30.0,sunny
760,0.0,location_sf,2.0,16.0,Day,0.0,14.0,sunny
761,0.0,location_sf,6.0,25.0,Day,0.0,45.0,sunny
762,0.0,location_sf,2.0,16.0,Day,0.0,18.0,sunny
763,4.0,location_sf,69.0,18.0,Day,0.0,28.0,sunny
764,3.0,location_sf,104.0,18.0,Day,0.0,58.0,sunny
765,0.0,location_sf,1.0,33.0,Night,0.0,33.0,sunny
766,0.0,location_phx,0.0,12.0,Day,0.0,11.0,sunny
767,2.0,location_sf,8.0,5.0,Day,0.0,21.0,sunny
768,0.0,location_other,2.0,12.0,Day,0.0,5.0,sunny
769,0.0,location_sf,0.0,0.0,Day,0.0,21.0,sunny
770,0.0,location_sf,1.0,11.0,Night,0.0,32.0,sunny
771,0.0,location_phx,0.0,1.0,Day,0.0,0.0,sunny
772,0.0,location_sf,5.0,18.0,Day,0.0,38.0,sunny
773,0.0,location_sf,2.0,17.0,Day,0.0,24.0,sunny
774,1.0,location_sf,18.0,14.0,Day,0.0,39.0,sunny
775,0.0,location_sf,79.0,10.0,Day,0.0,35.0,sunny
776,0.0,location_sf,2.0,11.0,Day,0.0,44.0,sunny
777,0.0,location_sf,0.0,13.0,Day,0.0,23.0,sunny
778,0.0,location_other,2.0,13.0,Day,0.0,29.0,sunny
779,0.0,location_phx,0.0,18.0,Day,0.0,13.0,sunny
780,0.0,location_sf,0.0,12.0,Day,0.0,34.0,sunny
781,0.0,location_sf,95.0,42.0,Day,0.0,46.0,sunny
782,0.0,location_phx,0.0,2.0,Night,0.0,10.0,sunny
783,0.0,location_phx,7.0,24.0,Night,0.0,43.0,sunny
784,0.0,location_other,5.0,17.0,Day,0.0,30.0,sunny
785,0.0,location_sf,19.0,11.0,Day,0.0,40.0,sunny
786,0.0,location_phx,0.0,4.0,Day,0.0,6.0,sunny
787,0.0,location_sf,1.0,22.0,Day,0.0,30.0,sunny
788,0.0,location_sf,34.0,15.0,Day,0.0,131.0,sunny
789,2.0,location_sf,102.0,55.0,Day,0.0,52.0,sunny
790,0.0,location_phx,2.0,23.0,Day,0.0,40.0,sunny
791,0.0,location_sf,6.0,16.0,Day,0.0,28.0,sunny
792,0.0,location_sf,4.0,28.0,Day,0.0,31.0,sunny
793,0.0,location_sf,31.0,15.0,Day,0.0,135.0,sunny
794,0.0,location_sf,72.0,18.0,Day,0.0,60.0,sunny
795,0.0,location_sf,11.0,23.0,Dawn/Dusk,0.0,12.0,sunny
796,0.0,location_sf,19.0,25.0,Day,0.0,44.0,sunny
797,0.0,location_other,10.0,39.0,Day,0.0,43.0,sunny
798,0.0,location_phx,12.0,31.0,Night,0.0,40.0,sunny
799,0.0,location_sf,26.0,24.0,Day,0.0,43.0,sunny
800,0.0,location_other,1.0,4.0,Day,0.0,23.0,sunny
801,0.0,location_phx,1.0,7.0,Day,0.0,24.0,sunny
802,0.0,location_phx,2.0,22.0,Day,0.0,34.0,sunny
803,0.0,location_phx,0.0,0.0,Day,0.0,25.0,sunny
804,0.0,location_sf,11.0,32.0,Day,0.0,40.0,sunny
805,0.0,location_phx,5.0,17.0,Dawn/Dusk,0.0,29.0,sunny
806,0.0,location_sf,7.0,27.0,Dawn/Dusk,0.0,41.0,sunny
807,0.0,location_sf,7.0,18.0,Day,0.0,28.0,sunny
808,1.0,location_sf,5.0,22.0,Day,0.0,35.0,sunny
809,1.0,location_phx,3.0,2.0,Day,0.0,12.0,sunny
810,2.0,location_sf,160.0,34.0,Day,0.0,65.0,sunny
811,1.0,location_sf,7.0,24.0,Day,0.0,26.0,sunny
812,0.0,location_phx,0.0,25.0,Day,0.0,20.0,sunny
813,0.0,location_sf,0.0,19.0,Day,0.0,21.0,sunny
814,0.0,location_sf,0.0,3.0,Day,0.0,15.0,sunny
815,1.0,location_other,2.0,7.0,Day,0.0,15.0,sunny
816,2.0,location_sf,31.0,22.0,Day,0.0,41.0,sunny
817,0.0,location_phx,0.0,7.0,Day,0.0,13.0,sunny
818,0.0,location_phx,0.0,4.0,Day,0.0,10.0,sunny
819,0.0,location_other,0.0,7.0,Night,0.0,27.0,sunny
820,0.0,location_phx,0.0,12.0,Day,0.0,13.0,sunny
821,0.0,location_sf,6.0,31.0,Day,0.0,41.0,sunny
822,0.0,location_sf,2.0,23.0,Day,0.0,33.0,sunny
823,0.0,location_phx,0.0,0.0,Day,0.0,24.0,sunny
824,0.0,location_phx,0.0,2.0,Day,0.0,35.0,sunny
825,0.0,location_sf,0.0,0.0,Day,0.0,20.0,sunny
826,0.0,location_sf,49.0,12.0,Day,0.0,64.0,sunny
827,1.0,location_sf,14.0,11.0,Day,0.0,36.0,sunny
828,0.0,location_sf,1.0,12.0,Dawn/Dusk,0.0,41.0,sunny
829,0.0,location_phx,1.0,19.0,Day,0.0,13.0,sunny
830,0.0,location_phx,2.0,25.0,Night,0.0,29.0,rain
831,0.0,location_other,2.0,19.0,Day,0.0,28.0,sunny
832,0.0,location_sf,0.0,5.0,Day,0.0,18.0,sunny
833,0.0,location_other,2.0,28.0,Day,0.0,34.0,sunny
834,0.0,location_sf,0.0,26.0,Day,0.0,46.0,sunny
835,1.0,location_phx,5.0,0.0,Day,0.0,16.0,sunny
836,0.0,location_sf,0.0,17.0,Night,0.0,17.0,sunny
837,0.0,location_phx,0.0,9.0,Day,0.0,6.0,sunny
838,0.0,location_phx,4.0,16.0,Day,0.0,16.0,sunny
839,0.0,location_sf,0.0,8.0,Night,0.0,24.0,sunny
840,0.0,location_phx,2.0,4.0,Night,0.0,1.0,sunny
841,0.0,location_sf,4.0,10.0,Day,0.0,28.0,sunny
842,0.0,location_sf,1.0,6.0,Day,0.0,26.0,sunny
843,0.0,location_phx,0.0,13.0,Day,0.0,41.0,sunny
844,0.0,location_phx,0.0,0.0,Day,0.0,6.0,sunny
845,0.0,location_phx,0.0,0.0,Day,0.0,7.0,sunny
846,0.0,location_other,0.0,16.0,Night,0.0,22.0,sunny
847,0.0,location_sf,1.0,28.0,Day,0.0,36.0,sunny
848,0.0,location_sf,15.0,10.0,Day,0.0,38.0,sunny
849,0.0,location_phx,0.0,13.0,Night,0.0,8.0,sunny
850,1.0,location_other,3.0,16.0,Day,0.0,24.0,sunny
851,0.0,location_phx,3.0,3.0,Night,0.0,27.0,sunny
852,1.0,location_other,1.0,5.0,Day,0.0,10.0,sunny
853,0.0,location_sf,44.0,16.0,Day,0.0,51.0,sunny
854,0.0,location_sf,55.0,11.0,Day,0.0,28.0,sunny
855,0.0,location_phx,0.0,8.0,Day,0.0,3.0,sunny
856,0.0,location_phx,0.0,6.0,Day,0.0,8.0,sunny
857,0.0,location_phx,3.0,18.0,Day,0.0,47.0,sunny
858,0.0,location_phx,5.0,6.0,Day,0.0,38.0,sunny
859,0.0,location_sf,4.0,20.0,Day,0.0,27.0,sunny
860,2.0,location_sf,88.0,43.0,Day,0.0,36.0,sunny
861,0.0,location_phx,0.0,8.0,Day,0.0,13.0,sunny
862,1.0,location_sf,81.0,35.0,Day,0.0,60.0,sunny
863,0.0,location_sf,0.0,4.0,Day,0.0,19.0,sunny
864,0.0,location_sf,19.0,13.0,Day,0.0,11.0,sunny
865,0.0,location_phx,0.0,3.0,Night,0.0,26.0,sunny
866,0.0,location_sf,58.0,8.0,Day,0.0,34.0,sunny
867,0.0,location_phx,9.0,32.0,Day,0.0,69.0,sunny
868,0.0,location_sf,4.0,10.0,Dawn/Dusk,0.0,38.0,sunny
869,0.0,location_phx,0.0,24.0,Night,0.0,21.0,sunny
870,0.0,location_sf,0.0,14.0,Day,0.0,19.0,sunny
871,0.0,location_phx,2.0,24.0,Day,0.0,6.0,sunny
872,0.0,location_sf,21.0,33.0,Day,0.0,57.0,sunny
873,0.0,location_phx,0.0,10.0,Day,0.0,55.0,sunny
874,1.0,location_sf,14.0,40.0,Day,0.0,38.0,sunny
875,0.0,location_phx,5.0,6.0,Day,0.0,34.0,sunny
876,0.0,location_other,0.0,9.0,Day,0.0,32.0,sunny
877,0.0,location_sf,51.0,41.0,Day,0.0,46.0,sunny
878,0.0,location_sf,0.0,8.0,Dawn/Dusk,0.0,18.0,sunny
879,0.0,location_phx,0.0,17.0,Night,0.0,8.0,sunny
880,0.0,location_phx,5.0,10.0,Dawn/Dusk,0.0,50.0,sunny
881,0.0,location_sf,0.0,33.0,Night,0.0,33.0,sunny
882,0.0,location_phx,4.0,2.0,Day,0.0,17.0,sunny
883,0.0,location_sf,54.0,17.0,Day,0.0,44.0,sunny
884,0.0,location_sf,0.0,17.0,Day,0.0,20.0,sunny
885,0.0,location_sf,4.0,14.0,Day,0.0,25.0,sunny
886,0.0,location_phx,2.0,5.0,Dawn/Dusk,0.0,15.0,sunny
887,2.0,location_sf,11.0,38.0,Day,0.0,37.0,sunny
888,0.0,location_phx,0.0,18.0,Dawn/Dusk,0.0,13.0,sunny
889,0.0,location_phx,0.0,3.0,Day,0.0,4.0,sunny
890,1.0,location_phx,0.0,0.0,Day,0.0,19.0,sunny
891,0.0,location_sf,1.0,4.0,Day,0.0,18.0,sunny
892,0.0,location_other,1.0,1.0,Day,0.0,23.0,sunny
893,0.0,location_phx,0.0,4.0,Day,0.0,7.0,sunny
894,1.0,location_sf,101.0,39.0,Dawn/Dusk,0.0,15.0,sunny
895,0.0,location_sf,2.0,16.0,Night,0.0,52.0,sunny
896,1.0,location_sf,6.0,11.0,Day,0.0,44.0,sunny
897,0.0,location_phx,1.0,14.0,Day,0.0,19.0,sunny
898,0.0,location_other,0.0,16.0,Night,0.0,15.0,sunny
899,0.0,location_sf,4.0,14.0,Dawn/Dusk,0.0,13.0,sunny
900,2.0,location_phx,6.0,5.0,Day,0.0,1.0,sunny
901,0.0,location_sf,25.0,12.0,Day,0.0,123.0,sunny
902,0.0,location_sf,6.0,6.0,Day,0.0,22.0,sunny
903,0.0,location_phx,6.0,45.0,Day,0.0,27.0,sunny
904,0.0,location_sf,1.0,17.0,Day,0.0,19.0,sunny
905,0.0,location_sf,15.0,7.0,Day,0.0,63.0,sunny
906,2.0,location_phx,0.0,25.0,Day,0.0,19.0,sunny
907,0.0,location_phx,0.0,16.0,Night,0.0,36.0,sunny
908,0.0,location_sf,13.0,41.0,Day,0.0,36.0,sunny
909,0.0,location_phx,5.0,1.0,Night,0.0,26.0,sunny
910,0.0,location_phx,0.0,1.0,Day,0.0,23.0,sunny
911,0.0,location_phx,2.0,5.0,Day,0.0,0.0,sunny
912,0.0,location_sf,50.0,19.0,Night,0.0,31.0,sunny
913,0.0,location_phx,4.0,1.0,Dawn/Dusk,0.0,7.0,sunny
914,0.0,location_phx,4.0,1.0,Day,0.0,11.0,sunny
915,1.0,location_sf,48.0,30.0,Day,0.0,47.0,sunny
916,0.0,location_sf,2.0,8.0,Night,0.0,30.0,sunny
917,0.0,location_sf,2.0,14.0,Day,0.0,51.0,sunny
918,0.0,location_sf,0.0,0.0,Day,0.0,16.0,sunny
919,1.0,location_sf,96.0,7.0,Day,0.0,34.0,sunny
920,0.0,location_other,1.0,14.0,Day,0.0,14.0,sunny
921,0.0,location_phx,3.0,13.0,Day,0.0,68.0,sunny
922,0.0,location_sf,4.0,11.0,Day,0.0,12.0,sunny
923,0.0,location_sf,0.0,8.0,Day,0.0,22.0,sunny
924,0.0,location_sf,4.0,18.0,Day,0.0,37.0,sunny
925,0.0,location_sf,3.0,16.0,Day,0.0,22.0,sunny
926,0.0,location_sf,2.0,28.0,Day,0.0,67.0,sunny
927,0.0,location_phx,0.0,8.0,Night,0.0,9.0,sunny
928,0.0,location_phx,5.0,21.0,Night,0.0,9.0,sunny
929,0.0,location_sf,48.0,42.0,Day,0.0,49.0,sunny
930,0.0,location_phx,4.0,18.0,Day,0.0,27.0,sunny
931,0.0,location_other,2.0,12.0,Day,0.0,17.0,sunny
932,0.0,location_sf,87.0,16.0,Day,0.0,62.0,sunny
933,0.0,location_sf,1.0,8.0,Day,0.0,20.0,sunny
934,0.0,location_sf,0.0,15.0,Day,0.0,52.0,sunny
935,0.0,location_phx,0.0,25.0,Day,0.0,20.0,sunny
936,0.0,location_sf,1.0,33.0,Night,0.0,34.0,sunny
937,1.0,location_sf,154.0,24.0,Day,0.0,22.0,sunny
938,0.0,location_sf,11.0,14.0,Day,0.0,33.0,sunny
939,0.0,location_sf,17.0,11.0,Day,0.0,50.0,sunny
940,0.0,location_other,2.0,14.0,Day,0.0,33.0,sunny
941,0.0,location_phx,14.0,32.0,Day,0.0,48.0,sunny
942,0.0,location_phx,1.0,24.0,Day,0.0,99.0,sunny
943,0.0,location_other,7.0,60.0,Day,0.0,46.0,sunny
944,2.0,location_sf,69.0,48.0,Day,0.0,40.0,sunny
945,0.0,location_sf,2.0,4.0,Day,0.0,4.0,sunny
946,0.0,location_phx,0.0,12.0,Day,0.0,50.0,sunny
947,0.0,location_sf,1.0,11.0,Day,0.0,39.0,sunny
948,0.0,location_phx,3.0,26.0,Day,0.0,32.0,sunny
949,0.0,location_sf,82.0,10.0,Day,0.0,45.0,sunny
950,0.0,location_phx,17.0,29.0,Day,0.0,27.0,sunny
951,0.0,location_phx,10.0,13.0,Dawn/Dusk,0.0,112.0,sunny
952,0.0,location_sf,2.0,3.0,Day,0.0,19.0,sunny
953,0.0,location_sf,9.0,17.0,Day,0.0,53.0,sunny
954,0.0,location_phx,2.0,14.0,Day,0.0,20.0,sunny
955,7.0,location_sf,51.0,14.0,Day,0.0,16.0,sunny
956,0.0,location_phx,7.0,16.0,Day,0.0,18.0,sunny
957,1.0,location_sf,13.0,27.0,Night,0.0,29.0,sunny
958,0.0,location_phx,0.0,10.0,Dawn/Dusk,0.0,30.0,sunny
959,0.0,location_sf,4.0,16.0,Day,0.0,25.0,sunny
960,0.0,location_phx,0.0,12.0,Dawn/Dusk,0.0,44.0,sunny
961,0.0,location_sf,11.0,27.0,Day,0.0,28.0,sunny
962,0.0,location_sf,48.0,12.0,Day,0.0,60.0,sunny
963,1.0,location_sf,57.0,35.0,Day,0.0,53.0,sunny
964,0.0,location_sf,9.0,26.0,Day,0.0,76.0,sunny
965,0.0,location_sf,3.0,23.0,Day,0.0,1.0,sunny
966,0.0,location_phx,0.0,30.0,Day,0.0,10.0,sunny
967,0.0,location_sf,1.0,1.0,Day,0.0,15.0,sunny
968,2.0,location_sf,160.0,36.0,Day,0.0,65.0,sunny
969,0.0,location_other,0.0,24.0,Day,0.0,17.0,sunny
970,0.0,location_phx,3.0,1.0,Day,0.0,9.0,sunny
971,0.0,location_sf,14.0,24.0,Day,0.0,65.0,sunny
972,0.0,location_sf,72.0,12.0,Day,0.0,42.0,sunny
973,0.0,location_phx,1.0,8.0,Day,0.0,49.0,sunny
974,1.0,location_sf,69.0,23.0,Day,0.0,27.0,sunny
975,0.0,location_sf,4.0,14.0,Day,0.0,28.0,sunny
976,0.0,location_sf,2.0,16.0,Dawn/Dusk,0.0,44.0,sunny
977,3.0,location_sf,76.0,29.0,Day,0.0,33.0,sunny
978,1.0,location_phx,1.0,5.0,Day,0.0,0.0,sunny
979,0.0,location_phx,2.0,8.0,Day,0.0,18.0,sunny
980,2.0,location_phx,6.0,31.0,Dawn/Dusk,0.0,27.0,sunny
981,0.0,location_sf,82.0,20.0,Day,0.0,44.0,sunny
982,0.0,location_sf,0.0,1.0,Night,0.0,1.0,sunny
983,0.0,location_sf,4.0,21.0,Night,0.0,24.0,sunny
984,0.0,location_sf,0.0,5.0,Day,0.0,1.0,sunny
985,0.0,location_phx,0.0,0.0,Day,0.0,3.0,sunny
986,0.0,location_phx,20.0,12.0,Day,0.0,62.0,sunny
987,0.0,location_sf,4.0,14.0,Day,0.0,25.0,sunny
988,0.0,location_other,2.0,27.0,Day,0.0,139.0,sunny
989,0.0,location_phx,2.0,14.0,Dawn/Dusk,0.0,9.0,sunny
990,1.0,location_sf,26.0,29.0,Day,0.0,29.0,sunny
991,0.0,location_phx,0.0,3.0,Day,0.0,27.0,sunny
992,1.0,location_sf,60.0,32.0,Day,0.0,47.0,sunny
993,0.0,location_sf,35.0,12.0,Day,0.0,33.0,sunny
994,0.0,location_phx,4.0,8.0,Day,0.0,7.0,sunny
995,0.0,location_phx,4.0,11.0,Day,0.0,80.0,sunny
996,1.0,location_sf,56.0,35.0,Day,0.0,53.0,sunny
997,0.0,location_sf,35.0,15.0,Day,0.0,32.0,sunny
998,0.0,location_sf,0.0,34.0,Night,0.0,43.0,sunny
999,0.0,location_sf,16.0,16.0,Dawn/Dusk,0.0,13.0,sunny
